id,name,imgName,titleName,filterName,description,getMethodDescription,
1000010,로그인 실행(초급),img_badge_login_001_enable,1,2023,여행지 선정이 고민이신가요?<br>전국 축제정보를 확인해보세요!<br>축제와 함께하면 더욱 즐거운 여행이 될거에요.<br>,"여행정보<br>1. 메뉴 > 여행정보 > 축제 >축제조회<br>2. ""축제""검색 > 전국 축제 확인하기 > 축제 조회",
1000020,로그인 실행(중급),img_badge_login_002_enable,1,2023,여행지 선정이 고민이신가요?<br>전국 축제정보를 확인해보세요!<br>축제와 함께하면 더욱 즐거운 여행이 될거에요.<br>,"여행정보<br>1. 메뉴 > 여행정보 > 축제 >축제조회<br>2. ""축제""검색 > 전국 축제 확인하기 > 축제 조회",
1000030,로그인 실행(고급),img_badge_login_003_enable,1,2023,여행지 선정이 고민이신가요?<br>전국 축제정보를 확인해보세요!<br>축제와 함께하면 더욱 즐거운 여행이 될거에요.<br>,"여행정보<br>1. 메뉴 > 여행정보 > 축제 >축제조회<br>2. ""축제""검색 > 전국 축제 확인하기 > 축제 조회",
1000040,댓글 달기 및 여행톡(초급),img_badge_comment_001_enable,1,2023,여행지 선정이 고민이신가요?<br>전국 축제정보를 확인해보세요!<br>축제와 함께하면 더욱 즐거운 여행이 될거에요.<br>,"여행정보<br>1. 메뉴 > 여행정보 > 축제 >축제조회<br>2. ""축제""검색 > 전국 축제 확인하기 > 축제 조회",
1000050,댓글 달기 및 여행톡(중급),img_badge_comment_002_enable,1,2023,여행지 선정이 고민이신가요?<br>전국 축제정보를 확인해보세요!<br>축제와 함께하면 더욱 즐거운 여행이 될거에요.<br>,"여행정보<br>1. 메뉴 > 여행정보 > 축제 >축제조회<br>2. ""축제""검색 > 전국 축제 확인하기 > 축제 조회",
1000060,댓글 달기 및 여행톡(고급),img_badge_comment_003_enable,1,2023,여행지 선정이 고민이신가요?<br>전국 축제정보를 확인해보세요!<br>축제와 함께하면 더욱 즐거운 여행이 될거에요.<br>,"여행정보<br>1. 메뉴 > 여행정보 > 축제 >축제조회<br>2. ""축제""검색 > 전국 축제 확인하기 > 축제 조회",
1000070,사용자 사진 등록(초급),img_badge_photo_001_enable,1,2023,여행지 선정이 고민이신가요?<br>전국 축제정보를 확인해보세요!<br>축제와 함께하면 더욱 즐거운 여행이 될거에요.<br>,"여행정보<br>1. 메뉴 > 여행정보 > 축제 >축제조회<br>2. ""축제""검색 > 전국 축제 확인하기 > 축제 조회",
1000080,사용자 사진 등록(중급),img_badge_photo_002_enable,1,2023,여행지 선정이 고민이신가요?<br>전국 축제정보를 확인해보세요!<br>축제와 함께하면 더욱 즐거운 여행이 될거에요.<br>,"여행정보<br>1. 메뉴 > 여행정보 > 축제 >축제조회<br>2. ""축제""검색 > 전국 축제 확인하기 > 축제 조회",
1000090,사용자 사진 등록(고급),img_badge_photo_003_enable,1,2023,여행지 선정이 고민이신가요?<br>전국 축제정보를 확인해보세요!<br>축제와 함께하면 더욱 즐거운 여행이 될거에요.<br>,"여행정보<br>1. 메뉴 > 여행정보 > 축제 >축제조회<br>2. ""축제""검색 > 전국 축제 확인하기 > 축제 조회",
1000100,앱 실행(초급),img_badge_execution_001_enable,1,2023,여행지 선정이 고민이신가요?<br>전국 축제정보를 확인해보세요!<br>축제와 함께하면 더욱 즐거운 여행이 될거에요.<br>,"여행정보<br>1. 메뉴 > 여행정보 > 축제 >축제조회<br>2. ""축제""검색 > 전국 축제 확인하기 > 축제 조회",
1000110,앱 실행(중급),img_badge_execution_002_enable,1,2023,여행지 선정이 고민이신가요?<br>전국 축제정보를 확인해보세요!<br>축제와 함께하면 더욱 즐거운 여행이 될거에요.<br>,"여행정보<br>1. 메뉴 > 여행정보 > 축제 >축제조회<br>2. ""축제""검색 > 전국 축제 확인하기 > 축제 조회",
1000120,앱 실행(고급),img_badge_execution_003_enable,1,2023,여행지 선정이 고민이신가요?<br>전국 축제정보를 확인해보세요!<br>축제와 함께하면 더욱 즐거운 여행이 될거에요.<br>,"여행정보<br>1. 메뉴 > 여행정보 > 축제 >축제조회<br>2. ""축제""검색 > 전국 축제 확인하기 > 축제 조회",
1000130,여행기사 조회(초급),img_badge_travelinfo_001_enable,1,2023,여행지 선정이 고민이신가요?<br>전국 축제정보를 확인해보세요!<br>축제와 함께하면 더욱 즐거운 여행이 될거에요.<br>,"여행정보<br>1. 메뉴 > 여행정보 > 축제 >축제조회<br>2. ""축제""검색 > 전국 축제 확인하기 > 축제 조회",
1000140,여행기사 조회(중급),img_badge_travelinfo_002_enable,1,2023,여행지 선정이 고민이신가요?<br>전국 축제정보를 확인해보세요!<br>축제와 함께하면 더욱 즐거운 여행이 될거에요.<br>,"여행정보<br>1. 메뉴 > 여행정보 > 축제 >축제조회<br>2. ""축제""검색 > 전국 축제 확인하기 > 축제 조회",
1000150,여행기사 조회(고급),img_badge_travelinfo_003_enable,1,2023,여행지 선정이 고민이신가요?<br>전국 축제정보를 확인해보세요!<br>축제와 함께하면 더욱 즐거운 여행이 될거에요.<br>,"여행정보<br>1. 메뉴 > 여행정보 > 축제 >축제조회<br>2. ""축제""검색 > 전국 축제 확인하기 > 축제 조회",
1000160,콘텐츠 공유(초급),img_badge_share_001_enable,1,2023,여행지 선정이 고민이신가요?<br>전국 축제정보를 확인해보세요!<br>축제와 함께하면 더욱 즐거운 여행이 될거에요.<br>,"여행정보<br>1. 메뉴 > 여행정보 > 축제 >축제조회<br>2. ""축제""검색 > 전국 축제 확인하기 > 축제 조회",
1000170,콘텐츠 공유(중급),img_badge_share_002_enable,1,2023,여행지 선정이 고민이신가요?<br>전국 축제정보를 확인해보세요!<br>축제와 함께하면 더욱 즐거운 여행이 될거에요.<br>,"여행정보<br>1. 메뉴 > 여행정보 > 축제 >축제조회<br>2. ""축제""검색 > 전국 축제 확인하기 > 축제 조회",
1000180,콘텐츠 공유(고급),img_badge_share_003_enable,1,2023,여행지 선정이 고민이신가요?<br>전국 축제정보를 확인해보세요!<br>축제와 함께하면 더욱 즐거운 여행이 될거에요.<br>,"여행정보<br>1. 메뉴 > 여행정보 > 축제 >축제조회<br>2. ""축제""검색 > 전국 축제 확인하기 > 축제 조회",
1000190,콘텐츠 즐겨찾기(초급),img_badge_favorites_001_enable,1,2023,여행지 선정이 고민이신가요?<br>전국 축제정보를 확인해보세요!<br>축제와 함께하면 더욱 즐거운 여행이 될거에요.<br>,"여행정보<br>1. 메뉴 > 여행정보 > 축제 >축제조회<br>2. ""축제""검색 > 전국 축제 확인하기 > 축제 조회",
1000200,콘텐츠 즐겨찾기(중급),img_badge_favorites_002_enable,1,2023,여행지 선정이 고민이신가요?<br>전국 축제정보를 확인해보세요!<br>축제와 함께하면 더욱 즐거운 여행이 될거에요.<br>,"여행정보<br>1. 메뉴 > 여행정보 > 축제 >축제조회<br>2. ""축제""검색 > 전국 축제 확인하기 > 축제 조회",
1000210,콘텐츠 즐겨찾기(고급),img_badge_favorites_003_enable,1,2023,여행지 선정이 고민이신가요?<br>전국 축제정보를 확인해보세요!<br>축제와 함께하면 더욱 즐거운 여행이 될거에요.<br>,"여행정보<br>1. 메뉴 > 여행정보 > 축제 >축제조회<br>2. ""축제""검색 > 전국 축제 확인하기 > 축제 조회",
1000220,코스 만들기(초급),img_badge_makeCourse_001_enable,1,2023,여행지 선정이 고민이신가요?<br>전국 축제정보를 확인해보세요!<br>축제와 함께하면 더욱 즐거운 여행이 될거에요.<br>,"여행정보<br>1. 메뉴 > 여행정보 > 축제 >축제조회<br>2. ""축제""검색 > 전국 축제 확인하기 > 축제 조회",
1000230,코스 만들기(중급),img_badge_makeCourse_002_enable,1,2023,여행지 선정이 고민이신가요?<br>전국 축제정보를 확인해보세요!<br>축제와 함께하면 더욱 즐거운 여행이 될거에요.<br>,"여행정보<br>1. 메뉴 > 여행정보 > 축제 >축제조회<br>2. ""축제""검색 > 전국 축제 확인하기 > 축제 조회",
1000240,코스 만들기(고급),img_badge_makeCourse_003_enable,1,2023,여행지 선정이 고민이신가요?<br>전국 축제정보를 확인해보세요!<br>축제와 함께하면 더욱 즐거운 여행이 될거에요.<br>,"여행정보<br>1. 메뉴 > 여행정보 > 축제 >축제조회<br>2. ""축제""검색 > 전국 축제 확인하기 > 축제 조회",
1000250,콘텐츠 조회(초급),img_badge_contentinfo_001_enable,1,2023,여행지 선정이 고민이신가요?<br>전국 축제정보를 확인해보세요!<br>축제와 함께하면 더욱 즐거운 여행이 될거에요.<br>,"여행정보<br>1. 메뉴 > 여행정보 > 축제 >축제조회<br>2. ""축제""검색 > 전국 축제 확인하기 > 축제 조회",
1000260,콘텐츠 조회(중급),img_badge_contentinfo_002_enable,1,2023,여행지 선정이 고민이신가요?<br>전국 축제정보를 확인해보세요!<br>축제와 함께하면 더욱 즐거운 여행이 될거에요.<br>,"여행정보<br>1. 메뉴 > 여행정보 > 축제 >축제조회<br>2. ""축제""검색 > 전국 축제 확인하기 > 축제 조회",
1000270,콘텐츠 조회(고급),img_badge_contentinfo_003_enable,1,2023,여행지 선정이 고민이신가요?<br>전국 축제정보를 확인해보세요!<br>축제와 함께하면 더욱 즐거운 여행이 될거에요.<br>,"여행정보<br>1. 메뉴 > 여행정보 > 축제 >축제조회<br>2. ""축제""검색 > 전국 축제 확인하기 > 축제 조회",
1000280,가볼래터 일정기간 레벨유지(초급),img_badge_level_001_enable,1,2023,여행지 선정이 고민이신가요?<br>전국 축제정보를 확인해보세요!<br>축제와 함께하면 더욱 즐거운 여행이 될거에요.<br>,"여행정보<br>1. 메뉴 > 여행정보 > 축제 >축제조회<br>2. ""축제""검색 > 전국 축제 확인하기 > 축제 조회",
1000290,가볼래터 일정기간 레벨유지(중급),img_badge_level_002_enable,1,2023,여행지 선정이 고민이신가요?<br>전국 축제정보를 확인해보세요!<br>축제와 함께하면 더욱 즐거운 여행이 될거에요.<br>,"여행정보<br>1. 메뉴 > 여행정보 > 축제 >축제조회<br>2. ""축제""검색 > 전국 축제 확인하기 > 축제 조회",
1000300,가볼래터 일정기간 레벨유지(고급),img_badge_level_003_enable,1,2023,여행지 선정이 고민이신가요?<br>전국 축제정보를 확인해보세요!<br>축제와 함께하면 더욱 즐거운 여행이 될거에요.<br>,"여행정보<br>1. 메뉴 > 여행정보 > 축제 >축제조회<br>2. ""축제""검색 > 전국 축제 확인하기 > 축제 조회",
1000310,콘텐츠 다운로드(초급),img_badge_download_001_enable,1,2023,여행지 선정이 고민이신가요?<br>전국 축제정보를 확인해보세요!<br>축제와 함께하면 더욱 즐거운 여행이 될거에요.<br>,"여행정보<br>1. 메뉴 > 여행정보 > 축제 >축제조회<br>2. ""축제""검색 > 전국 축제 확인하기 > 축제 조회",
1000320,콘텐츠 다운로드(중급),img_badge_download_002_enable,1,2023,여행지 선정이 고민이신가요?<br>전국 축제정보를 확인해보세요!<br>축제와 함께하면 더욱 즐거운 여행이 될거에요.<br>,"여행정보<br>1. 메뉴 > 여행정보 > 축제 >축제조회<br>2. ""축제""검색 > 전국 축제 확인하기 > 축제 조회",
1000330,콘텐츠 다운로드(고급),img_badge_download_003_enable,1,2023,여행지 선정이 고민이신가요?<br>전국 축제정보를 확인해보세요!<br>축제와 함께하면 더욱 즐거운 여행이 될거에요.<br>,"여행정보<br>1. 메뉴 > 여행정보 > 축제 >축제조회<br>2. ""축제""검색 > 전국 축제 확인하기 > 축제 조회",
1000340,발도장 찍기(초급),img_badge_glfootprint_001_enable,1,2023,여행지 선정이 고민이신가요?<br>전국 축제정보를 확인해보세요!<br>축제와 함께하면 더욱 즐거운 여행이 될거에요.<br>,"여행정보<br>1. 메뉴 > 여행정보 > 축제 >축제조회<br>2. ""축제""검색 > 전국 축제 확인하기 > 축제 조회",
1000350,발도장 찍기(중급),img_badge_glfootprint_002_enable,1,2023,여행지 선정이 고민이신가요?<br>전국 축제정보를 확인해보세요!<br>축제와 함께하면 더욱 즐거운 여행이 될거에요.<br>,"여행정보<br>1. 메뉴 > 여행정보 > 축제 >축제조회<br>2. ""축제""검색 > 전국 축제 확인하기 > 축제 조회",
1000360,발도장 찍기(고급),img_badge_glfootprint_003_enable,1,2023,여행지 선정이 고민이신가요?<br>전국 축제정보를 확인해보세요!<br>축제와 함께하면 더욱 즐거운 여행이 될거에요.<br>,"여행정보<br>1. 메뉴 > 여행정보 > 축제 >축제조회<br>2. ""축제""검색 > 전국 축제 확인하기 > 축제 조회",
1000370,여행상품홍보관 콘텐츠 예약(초급),img_badge_reservation_001_enable,1,2023,여행지 선정이 고민이신가요?<br>전국 축제정보를 확인해보세요!<br>축제와 함께하면 더욱 즐거운 여행이 될거에요.<br>,"여행정보<br>1. 메뉴 > 여행정보 > 축제 >축제조회<br>2. ""축제""검색 > 전국 축제 확인하기 > 축제 조회",
1000380,여행상품홍보관 콘텐츠 예약(중급),img_badge_reservation_002_enable,1,2023,여행지 선정이 고민이신가요?<br>전국 축제정보를 확인해보세요!<br>축제와 함께하면 더욱 즐거운 여행이 될거에요.<br>,"여행정보<br>1. 메뉴 > 여행정보 > 축제 >축제조회<br>2. ""축제""검색 > 전국 축제 확인하기 > 축제 조회",
1000390,여행상품홍보관 콘텐츠 예약(고급),img_badge_reservation_003_enable,1,2023,여행지 선정이 고민이신가요?<br>전국 축제정보를 확인해보세요!<br>축제와 함께하면 더욱 즐거운 여행이 될거에요.<br>,"여행정보<br>1. 메뉴 > 여행정보 > 축제 >축제조회<br>2. ""축제""검색 > 전국 축제 확인하기 > 축제 조회",
1000400,여행상품홍보관 콘텐츠 좋아요(초급),img_badge_like_001_enable,1,2023,여행지 선정이 고민이신가요?<br>전국 축제정보를 확인해보세요!<br>축제와 함께하면 더욱 즐거운 여행이 될거에요.<br>,"여행정보<br>1. 메뉴 > 여행정보 > 축제 >축제조회<br>2. ""축제""검색 > 전국 축제 확인하기 > 축제 조회",
1000410,여행상품홍보관 콘텐츠 좋아요(중급),img_badge_like_002_enable,1,2023,여행지 선정이 고민이신가요?<br>전국 축제정보를 확인해보세요!<br>축제와 함께하면 더욱 즐거운 여행이 될거에요.<br>,"여행정보<br>1. 메뉴 > 여행정보 > 축제 >축제조회<br>2. ""축제""검색 > 전국 축제 확인하기 > 축제 조회",
1000420,여행상품홍보관 콘텐츠 좋아요(고급),img_badge_like_003_enable,1,2023,여행지 선정이 고민이신가요?<br>전국 축제정보를 확인해보세요!<br>축제와 함께하면 더욱 즐거운 여행이 될거에요.<br>,"여행정보<br>1. 메뉴 > 여행정보 > 축제 >축제조회<br>2. ""축제""검색 > 전국 축제 확인하기 > 축제 조회",
1000430,디민증 QR스캔(초급),img_badge_qrscan_001_enable,2,2023,여행지 선정이 고민이신가요?<br>전국 축제정보를 확인해보세요!<br>축제와 함께하면 더욱 즐거운 여행이 될거에요.<br>,"여행정보<br>1. 메뉴 > 여행정보 > 축제 >축제조회<br>2. ""축제""검색 > 전국 축제 확인하기 > 축제 조회",
1000440,디민증 QR스캔(중급),img_badge_qrscan_002_enable,2,2023,여행지 선정이 고민이신가요?<br>전국 축제정보를 확인해보세요!<br>축제와 함께하면 더욱 즐거운 여행이 될거에요.<br>,"여행정보<br>1. 메뉴 > 여행정보 > 축제 >축제조회<br>2. ""축제""검색 > 전국 축제 확인하기 > 축제 조회",
1000450,디민증 QR스캔(고급),img_badge_qrscan_003_enable,2,2023,여행지 선정이 고민이신가요?<br>전국 축제정보를 확인해보세요!<br>축제와 함께하면 더욱 즐거운 여행이 될거에요.<br>,"여행정보<br>1. 메뉴 > 여행정보 > 축제 >축제조회<br>2. ""축제""검색 > 전국 축제 확인하기 > 축제 조회",
1000460,서울 발도장 찍기(초급),img_badge_seoulfp_001_enable,2,2023,여행지 선정이 고민이신가요?<br>전국 축제정보를 확인해보세요!<br>축제와 함께하면 더욱 즐거운 여행이 될거에요.<br>,"여행정보<br>1. 메뉴 > 여행정보 > 축제 >축제조회<br>2. ""축제""검색 > 전국 축제 확인하기 > 축제 조회",
1000470,서울 발도장 찍기(중급),img_badge_seoulfp_002_enable,2,2023,여행지 선정이 고민이신가요?<br>전국 축제정보를 확인해보세요!<br>축제와 함께하면 더욱 즐거운 여행이 될거에요.<br>,"여행정보<br>1. 메뉴 > 여행정보 > 축제 >축제조회<br>2. ""축제""검색 > 전국 축제 확인하기 > 축제 조회",
1000480,서울 발도장 찍기(고급),img_badge_seoulfp_003_enable,2,2023,여행지 선정이 고민이신가요?<br>전국 축제정보를 확인해보세요!<br>축제와 함께하면 더욱 즐거운 여행이 될거에요.<br>,"여행정보<br>1. 메뉴 > 여행정보 > 축제 >축제조회<br>2. ""축제""검색 > 전국 축제 확인하기 > 축제 조회",
1000490,부산 발도장 찍기(초급),img_badge_busanfp_001_enable,2,2023,여행지 선정이 고민이신가요?<br>전국 축제정보를 확인해보세요!<br>축제와 함께하면 더욱 즐거운 여행이 될거에요.<br>,"여행정보<br>1. 메뉴 > 여행정보 > 축제 >축제조회<br>2. ""축제""검색 > 전국 축제 확인하기 > 축제 조회",
1000500,부산 발도장 찍기(중급),img_badge_busanfp_002_enable,2,2023,여행지 선정이 고민이신가요?<br>전국 축제정보를 확인해보세요!<br>축제와 함께하면 더욱 즐거운 여행이 될거에요.<br>,"여행정보<br>1. 메뉴 > 여행정보 > 축제 >축제조회<br>2. ""축제""검색 > 전국 축제 확인하기 > 축제 조회",
1000510,부산 발도장 찍기(고급),img_badge_busanfp_003_enable,2,2023,여행지 선정이 고민이신가요?<br>전국 축제정보를 확인해보세요!<br>축제와 함께하면 더욱 즐거운 여행이 될거에요.<br>,"여행정보<br>1. 메뉴 > 여행정보 > 축제 >축제조회<br>2. ""축제""검색 > 전국 축제 확인하기 > 축제 조회",
1000520,대구 발도장 찍기(초급),img_badge_daegufp_001_enable,2,2023,여행지 선정이 고민이신가요?<br>전국 축제정보를 확인해보세요!<br>축제와 함께하면 더욱 즐거운 여행이 될거에요.<br>,"여행정보<br>1. 메뉴 > 여행정보 > 축제 >축제조회<br>2. ""축제""검색 > 전국 축제 확인하기 > 축제 조회",
1000530,대구 발도장 찍기(중급),img_badge_daegufp_002_enable,2,2023,여행지 선정이 고민이신가요?<br>전국 축제정보를 확인해보세요!<br>축제와 함께하면 더욱 즐거운 여행이 될거에요.<br>,"여행정보<br>1. 메뉴 > 여행정보 > 축제 >축제조회<br>2. ""축제""검색 > 전국 축제 확인하기 > 축제 조회",
1000540,대구 발도장 찍기(고급),img_badge_daegufp_003_enable,2,2023,여행지 선정이 고민이신가요?<br>전국 축제정보를 확인해보세요!<br>축제와 함께하면 더욱 즐거운 여행이 될거에요.<br>,"여행정보<br>1. 메뉴 > 여행정보 > 축제 >축제조회<br>2. ""축제""검색 > 전국 축제 확인하기 > 축제 조회",
1000550,인천 발도장 찍기(초급),img_badge_Incheonfp_001_enable,2,2023,여행지 선정이 고민이신가요?<br>전국 축제정보를 확인해보세요!<br>축제와 함께하면 더욱 즐거운 여행이 될거에요.<br>,"여행정보<br>1. 메뉴 > 여행정보 > 축제 >축제조회<br>2. ""축제""검색 > 전국 축제 확인하기 > 축제 조회",
1000560,인천 발도장 찍기(중급),img_badge_Incheonfp_002_enable,2,2023,여행지 선정이 고민이신가요?<br>전국 축제정보를 확인해보세요!<br>축제와 함께하면 더욱 즐거운 여행이 될거에요.<br>,"여행정보<br>1. 메뉴 > 여행정보 > 축제 >축제조회<br>2. ""축제""검색 > 전국 축제 확인하기 > 축제 조회",
1000570,인천 발도장 찍기(고급),img_badge_Incheonfp_003_enable,2,2023,여행지 선정이 고민이신가요?<br>전국 축제정보를 확인해보세요!<br>축제와 함께하면 더욱 즐거운 여행이 될거에요.<br>,"여행정보<br>1. 메뉴 > 여행정보 > 축제 >축제조회<br>2. ""축제""검색 > 전국 축제 확인하기 > 축제 조회",
1000580,광주 발도장 찍기(초급),img_badge_gwangjufp_001_enable,2,2023,여행지 선정이 고민이신가요?<br>전국 축제정보를 확인해보세요!<br>축제와 함께하면 더욱 즐거운 여행이 될거에요.<br>,"여행정보<br>1. 메뉴 > 여행정보 > 축제 >축제조회<br>2. ""축제""검색 > 전국 축제 확인하기 > 축제 조회",
1000590,광주 발도장 찍기(중급),img_badge_gwangjufp_002_enable,2,2023,여행지 선정이 고민이신가요?<br>전국 축제정보를 확인해보세요!<br>축제와 함께하면 더욱 즐거운 여행이 될거에요.<br>,"여행정보<br>1. 메뉴 > 여행정보 > 축제 >축제조회<br>2. ""축제""검색 > 전국 축제 확인하기 > 축제 조회",
1000600,광주 발도장 찍기(고급),img_badge_gwangjufp_003_enable,2,2023,여행지 선정이 고민이신가요?<br>전국 축제정보를 확인해보세요!<br>축제와 함께하면 더욱 즐거운 여행이 될거에요.<br>,"여행정보<br>1. 메뉴 > 여행정보 > 축제 >축제조회<br>2. ""축제""검색 > 전국 축제 확인하기 > 축제 조회",
1000610,대전 발도장 찍기(초급),img_badge_daejeonfp_001_enable,2,2023,여행지 선정이 고민이신가요?<br>전국 축제정보를 확인해보세요!<br>축제와 함께하면 더욱 즐거운 여행이 될거에요.<br>,"여행정보<br>1. 메뉴 > 여행정보 > 축제 >축제조회<br>2. ""축제""검색 > 전국 축제 확인하기 > 축제 조회",
1000620,대전 발도장 찍기(중급),img_badge_daejeonfp_002_enable,2,2023,여행지 선정이 고민이신가요?<br>전국 축제정보를 확인해보세요!<br>축제와 함께하면 더욱 즐거운 여행이 될거에요.<br>,"여행정보<br>1. 메뉴 > 여행정보 > 축제 >축제조회<br>2. ""축제""검색 > 전국 축제 확인하기 > 축제 조회",
1000630,대전 발도장 찍기(고급),img_badge_daejeonfp_003_enable,2,2023,여행지 선정이 고민이신가요?<br>전국 축제정보를 확인해보세요!<br>축제와 함께하면 더욱 즐거운 여행이 될거에요.<br>,"여행정보<br>1. 메뉴 > 여행정보 > 축제 >축제조회<br>2. ""축제""검색 > 전국 축제 확인하기 > 축제 조회",
1000640,울산 발도장 찍기(초급),img_badge_ulsanfp_001_enable,2,2023,여행지 선정이 고민이신가요?<br>전국 축제정보를 확인해보세요!<br>축제와 함께하면 더욱 즐거운 여행이 될거에요.<br>,"여행정보<br>1. 메뉴 > 여행정보 > 축제 >축제조회<br>2. ""축제""검색 > 전국 축제 확인하기 > 축제 조회",
1000650,울산 발도장 찍기(중급),img_badge_ulsanfp_002_enable,2,2023,여행지 선정이 고민이신가요?<br>전국 축제정보를 확인해보세요!<br>축제와 함께하면 더욱 즐거운 여행이 될거에요.<br>,"여행정보<br>1. 메뉴 > 여행정보 > 축제 >축제조회<br>2. ""축제""검색 > 전국 축제 확인하기 > 축제 조회",
1000660,울산 발도장 찍기(고급),img_badge_ulsanfp_003_enable,2,2023,여행지 선정이 고민이신가요?<br>전국 축제정보를 확인해보세요!<br>축제와 함께하면 더욱 즐거운 여행이 될거에요.<br>,"여행정보<br>1. 메뉴 > 여행정보 > 축제 >축제조회<br>2. ""축제""검색 > 전국 축제 확인하기 > 축제 조회",
1000670,세종 발도장 찍기(초급),img_badge_sejongfp_001_enable,2,2023,여행지 선정이 고민이신가요?<br>전국 축제정보를 확인해보세요!<br>축제와 함께하면 더욱 즐거운 여행이 될거에요.<br>,"여행정보<br>1. 메뉴 > 여행정보 > 축제 >축제조회<br>2. ""축제""검색 > 전국 축제 확인하기 > 축제 조회",
1000680,세종 발도장 찍기(중급),img_badge_sejongfp_002_enable,2,2023,여행지 선정이 고민이신가요?<br>전국 축제정보를 확인해보세요!<br>축제와 함께하면 더욱 즐거운 여행이 될거에요.<br>,"여행정보<br>1. 메뉴 > 여행정보 > 축제 >축제조회<br>2. ""축제""검색 > 전국 축제 확인하기 > 축제 조회",
1000690,세종 발도장 찍기(고급),img_badge_sejongfp_003_enable,2,2023,여행지 선정이 고민이신가요?<br>전국 축제정보를 확인해보세요!<br>축제와 함께하면 더욱 즐거운 여행이 될거에요.<br>,"여행정보<br>1. 메뉴 > 여행정보 > 축제 >축제조회<br>2. ""축제""검색 > 전국 축제 확인하기 > 축제 조회",
1000700,경기 발도장 찍기(초급),img_badge_gyeonggifp_001_enable,2,2023,여행지 선정이 고민이신가요?<br>전국 축제정보를 확인해보세요!<br>축제와 함께하면 더욱 즐거운 여행이 될거에요.<br>,"여행정보<br>1. 메뉴 > 여행정보 > 축제 >축제조회<br>2. ""축제""검색 > 전국 축제 확인하기 > 축제 조회",
1000710,경기 발도장 찍기(중급),img_badge_gyeonggifp_002_enable,2,2023,여행지 선정이 고민이신가요?<br>전국 축제정보를 확인해보세요!<br>축제와 함께하면 더욱 즐거운 여행이 될거에요.<br>,"여행정보<br>1. 메뉴 > 여행정보 > 축제 >축제조회<br>2. ""축제""검색 > 전국 축제 확인하기 > 축제 조회",
1000720,경기 발도장 찍기(고급),img_badge_gyeonggifp_003_enable,2,2023,여행지 선정이 고민이신가요?<br>전국 축제정보를 확인해보세요!<br>축제와 함께하면 더욱 즐거운 여행이 될거에요.<br>,"여행정보<br>1. 메뉴 > 여행정보 > 축제 >축제조회<br>2. ""축제""검색 > 전국 축제 확인하기 > 축제 조회",
1000730,강원 발도장 찍기(초급),img_badge_gangwonfp_001_enable,2,2023,여행지 선정이 고민이신가요?<br>전국 축제정보를 확인해보세요!<br>축제와 함께하면 더욱 즐거운 여행이 될거에요.<br>,"여행정보<br>1. 메뉴 > 여행정보 > 축제 >축제조회<br>2. ""축제""검색 > 전국 축제 확인하기 > 축제 조회",
1000740,강원 발도장 찍기(중급),img_badge_gangwonfp_002_enable,2,2023,여행지 선정이 고민이신가요?<br>전국 축제정보를 확인해보세요!<br>축제와 함께하면 더욱 즐거운 여행이 될거에요.<br>,"여행정보<br>1. 메뉴 > 여행정보 > 축제 >축제조회<br>2. ""축제""검색 > 전국 축제 확인하기 > 축제 조회",
1000750,강원 발도장 찍기(고급),img_badge_gangwonfp_003_enable,2,2023,여행지 선정이 고민이신가요?<br>전국 축제정보를 확인해보세요!<br>축제와 함께하면 더욱 즐거운 여행이 될거에요.<br>,"여행정보<br>1. 메뉴 > 여행정보 > 축제 >축제조회<br>2. ""축제""검색 > 전국 축제 확인하기 > 축제 조회",
1000760,충북 발도장 찍기(초급),img_badge_chungbukfp_001_enable,2,2023,여행지 선정이 고민이신가요?<br>전국 축제정보를 확인해보세요!<br>축제와 함께하면 더욱 즐거운 여행이 될거에요.<br>,"여행정보<br>1. 메뉴 > 여행정보 > 축제 >축제조회<br>2. ""축제""검색 > 전국 축제 확인하기 > 축제 조회",
1000770,충북 발도장 찍기(중급),img_badge_chungbukfp_002_enable,2,2023,여행지 선정이 고민이신가요?<br>전국 축제정보를 확인해보세요!<br>축제와 함께하면 더욱 즐거운 여행이 될거에요.<br>,"여행정보<br>1. 메뉴 > 여행정보 > 축제 >축제조회<br>2. ""축제""검색 > 전국 축제 확인하기 > 축제 조회",
1000780,충북 발도장 찍기(고급),img_badge_chungbukfp_003_enable,2,2023,여행지 선정이 고민이신가요?<br>전국 축제정보를 확인해보세요!<br>축제와 함께하면 더욱 즐거운 여행이 될거에요.<br>,"여행정보<br>1. 메뉴 > 여행정보 > 축제 >축제조회<br>2. ""축제""검색 > 전국 축제 확인하기 > 축제 조회",
1000790,충남 발도장 찍기(초급),img_badge_chungnamfp_001_enable,2,2023,여행지 선정이 고민이신가요?<br>전국 축제정보를 확인해보세요!<br>축제와 함께하면 더욱 즐거운 여행이 될거에요.<br>,"여행정보<br>1. 메뉴 > 여행정보 > 축제 >축제조회<br>2. ""축제""검색 > 전국 축제 확인하기 > 축제 조회",
1000800,충남 발도장 찍기(중급),img_badge_chungnamfp_002_enable,2,2023,여행지 선정이 고민이신가요?<br>전국 축제정보를 확인해보세요!<br>축제와 함께하면 더욱 즐거운 여행이 될거에요.<br>,"여행정보<br>1. 메뉴 > 여행정보 > 축제 >축제조회<br>2. ""축제""검색 > 전국 축제 확인하기 > 축제 조회",
1000810,충남 발도장 찍기(고급),img_badge_chungnamfp_003_enable,2,2023,여행지 선정이 고민이신가요?<br>전국 축제정보를 확인해보세요!<br>축제와 함께하면 더욱 즐거운 여행이 될거에요.<br>,"여행정보<br>1. 메뉴 > 여행정보 > 축제 >축제조회<br>2. ""축제""검색 > 전국 축제 확인하기 > 축제 조회",
1000820,전북 발도장 찍기(초급),img_badge_jeonbukfp_001_enable,2,2023,여행지 선정이 고민이신가요?<br>전국 축제정보를 확인해보세요!<br>축제와 함께하면 더욱 즐거운 여행이 될거에요.<br>,"여행정보<br>1. 메뉴 > 여행정보 > 축제 >축제조회<br>2. ""축제""검색 > 전국 축제 확인하기 > 축제 조회",
1000830,전북 발도장 찍기(중급),img_badge_jeonbukfp_002_enable,2,2023,여행지 선정이 고민이신가요?<br>전국 축제정보를 확인해보세요!<br>축제와 함께하면 더욱 즐거운 여행이 될거에요.<br>,"여행정보<br>1. 메뉴 > 여행정보 > 축제 >축제조회<br>2. ""축제""검색 > 전국 축제 확인하기 > 축제 조회",
1000840,전북 발도장 찍기(고급),img_badge_jeonbukfp_003_enable,2,2023,여행지 선정이 고민이신가요?<br>전국 축제정보를 확인해보세요!<br>축제와 함께하면 더욱 즐거운 여행이 될거에요.<br>,"여행정보<br>1. 메뉴 > 여행정보 > 축제 >축제조회<br>2. ""축제""검색 > 전국 축제 확인하기 > 축제 조회",
1000850,전남 발도장 찍기(초급),img_badge_jeonnamfp_001_enable,2,2023,여행지 선정이 고민이신가요?<br>전국 축제정보를 확인해보세요!<br>축제와 함께하면 더욱 즐거운 여행이 될거에요.<br>,"여행정보<br>1. 메뉴 > 여행정보 > 축제 >축제조회<br>2. ""축제""검색 > 전국 축제 확인하기 > 축제 조회",
1000860,전남 발도장 찍기(중급),img_badge_jeonnamfp_002_enable,2,2023,여행지 선정이 고민이신가요?<br>전국 축제정보를 확인해보세요!<br>축제와 함께하면 더욱 즐거운 여행이 될거에요.<br>,"여행정보<br>1. 메뉴 > 여행정보 > 축제 >축제조회<br>2. ""축제""검색 > 전국 축제 확인하기 > 축제 조회",
1000870,전남 발도장 찍기(고급),img_badge_jeonnamfp_003_enable,2,2023,여행지 선정이 고민이신가요?<br>전국 축제정보를 확인해보세요!<br>축제와 함께하면 더욱 즐거운 여행이 될거에요.<br>,"여행정보<br>1. 메뉴 > 여행정보 > 축제 >축제조회<br>2. ""축제""검색 > 전국 축제 확인하기 > 축제 조회",
1000880,경북 발도장 찍기(초급),img_badge_gyeongbukfp_001_enable,2,2023,여행지 선정이 고민이신가요?<br>전국 축제정보를 확인해보세요!<br>축제와 함께하면 더욱 즐거운 여행이 될거에요.<br>,"여행정보<br>1. 메뉴 > 여행정보 > 축제 >축제조회<br>2. ""축제""검색 > 전국 축제 확인하기 > 축제 조회",
1000890,경북 발도장 찍기(중급),img_badge_gyeongbukfp_002_enable,2,2023,여행지 선정이 고민이신가요?<br>전국 축제정보를 확인해보세요!<br>축제와 함께하면 더욱 즐거운 여행이 될거에요.<br>,"여행정보<br>1. 메뉴 > 여행정보 > 축제 >축제조회<br>2. ""축제""검색 > 전국 축제 확인하기 > 축제 조회",
1000900,경북 발도장 찍기(고급),img_badge_gyeongbukfp_003_enable,2,2023,여행지 선정이 고민이신가요?<br>전국 축제정보를 확인해보세요!<br>축제와 함께하면 더욱 즐거운 여행이 될거에요.<br>,"여행정보<br>1. 메뉴 > 여행정보 > 축제 >축제조회<br>2. ""축제""검색 > 전국 축제 확인하기 > 축제 조회",
1000910,경남 발도장 찍기(초급),img_badge_gyeongnamfp_001_enable,2,2023,여행지 선정이 고민이신가요?<br>전국 축제정보를 확인해보세요!<br>축제와 함께하면 더욱 즐거운 여행이 될거에요.<br>,"여행정보<br>1. 메뉴 > 여행정보 > 축제 >축제조회<br>2. ""축제""검색 > 전국 축제 확인하기 > 축제 조회",
1000920,경남 발도장 찍기(중급),img_badge_gyeongnamfp_002_enable,2,2023,여행지 선정이 고민이신가요?<br>전국 축제정보를 확인해보세요!<br>축제와 함께하면 더욱 즐거운 여행이 될거에요.<br>,"여행정보<br>1. 메뉴 > 여행정보 > 축제 >축제조회<br>2. ""축제""검색 > 전국 축제 확인하기 > 축제 조회",
1000930,경남 발도장 찍기(고급),img_badge_gyeongnamfp_003_enable,2,2023,여행지 선정이 고민이신가요?<br>전국 축제정보를 확인해보세요!<br>축제와 함께하면 더욱 즐거운 여행이 될거에요.<br>,"여행정보<br>1. 메뉴 > 여행정보 > 축제 >축제조회<br>2. ""축제""검색 > 전국 축제 확인하기 > 축제 조회",
1000940,제주 발도장 찍기(초급),img_badge_jejufp_001_enable,2,2023,여행지 선정이 고민이신가요?<br>전국 축제정보를 확인해보세요!<br>축제와 함께하면 더욱 즐거운 여행이 될거에요.<br>,"여행정보<br>1. 메뉴 > 여행정보 > 축제 >축제조회<br>2. ""축제""검색 > 전국 축제 확인하기 > 축제 조회",
1000950,제주 발도장 찍기(중급),img_badge_jejufp_002_enable,2,2023,여행지 선정이 고민이신가요?<br>전국 축제정보를 확인해보세요!<br>축제와 함께하면 더욱 즐거운 여행이 될거에요.<br>,"여행정보<br>1. 메뉴 > 여행정보 > 축제 >축제조회<br>2. ""축제""검색 > 전국 축제 확인하기 > 축제 조회",
1000960,제주 발도장 찍기(고급),img_badge_jejufp_003_enable,2,2023,여행지 선정이 고민이신가요?<br>전국 축제정보를 확인해보세요!<br>축제와 함께하면 더욱 즐거운 여행이 될거에요.<br>,"여행정보<br>1. 메뉴 > 여행정보 > 축제 >축제조회<br>2. ""축제""검색 > 전국 축제 확인하기 > 축제 조회",
1000970,17개 지역 모두 발도장 찍기,img_badge_allfp_001_enable,0,2023,여행지 선정이 고민이신가요?<br>전국 축제정보를 확인해보세요!<br>축제와 함께하면 더욱 즐거운 여행이 될거에요.<br>,"여행정보<br>1. 메뉴 > 여행정보 > 축제 >축제조회<br>2. ""축제""검색 > 전국 축제 확인하기 > 축제 조회",
1000980,회원가입,img_badge_join_001_enable,0,2023,여행지 선정이 고민이신가요?<br>전국 축제정보를 확인해보세요!<br>축제와 함께하면 더욱 즐거운 여행이 될거에요.<br>,"여행정보<br>1. 메뉴 > 여행정보 > 축제 >축제조회<br>2. ""축제""검색 > 전국 축제 확인하기 > 축제 조회",
1000990,디지털 관광주민증 발급,img_badge_issuedigicard_001_enable,0,2023,여행지 선정이 고민이신가요?<br>전국 축제정보를 확인해보세요!<br>축제와 함께하면 더욱 즐거운 여행이 될거에요.<br>,"여행정보<br>1. 메뉴 > 여행정보 > 축제 >축제조회<br>2. ""축제""검색 > 전국 축제 확인하기 > 축제 조회",
1001000,가볼래터 구독 신청,img_badge_subscribe_001_enable,0,2023,여행지 선정이 고민이신가요?<br>전국 축제정보를 확인해보세요!<br>축제와 함께하면 더욱 즐거운 여행이 될거에요.<br>,"여행정보<br>1. 메뉴 > 여행정보 > 축제 >축제조회<br>2. ""축제""검색 > 전국 축제 확인하기 > 축제 조회",
1001010,월간BEST TOP30,img_badge_best30_001_enable,0,2023,여행지 선정이 고민이신가요?<br>전국 축제정보를 확인해보세요!<br>축제와 함께하면 더욱 즐거운 여행이 될거에요.<br>,"여행정보<br>1. 메뉴 > 여행정보 > 축제 >축제조회<br>2. ""축제""검색 > 전국 축제 확인하기 > 축제 조회",
